1,aaaaaaaaa
2,fjisdaodjs
3,j5io2j4io351
4,gjifojiofdgijdfg
5,aaaaaaaaa
6,aaaaaaaaa
7,aaaaaaaaassssssss
8,aaaaaaaaadddd
9,aaaaaaaaaeeee
10,aaaaaaaaa
11,j5io2j4io351a
12,j5io2j4io351h
13,j5io2j4io351sf
14,j5io2j4io351j
15,j5io2j4io351
16,j5io2j4io351e
9,aaaaaaaaaeeee
10,aaaaaaaaa
11,j5io2j4io351a
12,j5io2j4io351h
13,j5io2j4io351sf
14,j5io2j4io351j
15,j5io2j4io351
16,j5io2j4io351e
9,aaaaaaaaaeeee
10,aaaaaaaaa
11,j5io2j4io351a
12,j5io2j4io351h
13,j5io2j4io351sf
14,j5io2j4io351j
15,j5io2j4io351
16,j5io2j4io351e
9,aaaaaaaaaeeee
10,aaaaaaaaa
11,j5io2j4io351a
12,j5io2j4io351h
13,j5io2j4io351sf
14,j5io2j4io351j
15,j5io2j4io351
16,j5io2j4io351e
9,aaaaaaaaaeeee
10,aaaaaaaaa
11,j5io2j4io351a
12,j5io2j4io351h
13,j5io2j4io351sf
14,j5io2j4io351j
15,j5io2j4io351
16,j5io2j4io351e
9,aaaaaaaaaeeee
10,aaaaaaaaa
11,j5io2j4io351a
12,j5io2j4io351h
13,j5io2j4io351sf
14,j5io2j4io351j
15,j5io2j4io351
16,j5io2j4io351e
9,aaaaaaaaaeeee
10,aaaaaaaaa
11,j5io2j4io351a
12,j5io2j4io351h
13,j5io2j4io351sf
14,j5io2j4io351j
15,j5io2j4io351
16,j5io2j4io351e
9,aaaaaaaaaeeee
10,aaaaaaaaa
11,j5io2j4io351a
12,j5io2j4io351h
13,j5io2j4io351sf
14,j5io2j4io351j
15,j5io2j4io351
16,j5io2j4io351e
9,aaaaaaaaaeeee
10,aaaaaaaaa
11,j5io2j4io351a
12,j5io2j4io351h
13,j5io2j4io351sf
14,j5io2j4io351j
15,j5io2j4io351
16,j5io2j4io351e
9,aaaaaaaaaeeee
10,aaaaaaaaa
11,j5io2j4io351a
12,j5io2j4io351h
13,j5io2j4io351sf
14,j5io2j4io351j
15,j5io2j4io351
16,j5io2j4io351e
9,aaaaaaaaaeeee
10,aaaaaaaaa
11,j5io2j4io351a
12,j5io2j4io351h
13,j5io2j4io351sf
14,j5io2j4io351j
15,j5io2j4io351
16,j5io2j4io351e
9,aaaaaaaaaeeee
10,aaaaaaaaa
11,j5io2j4io351a
12,j5io2j4io351h
13,j5io2j4io351sf
14,j5io2j4io351j
15,j5io2j4io351
16,j5io2j4io351e
8,aaaaaaaaadddd
9,aaaaaaaaaeeee
10,aaaaaaaaa
11,j5io2j4io351a
12,j5io2j4io351h
13,j5io2j4io351sf
14,j5io2j4io351j
15,j5io2j4io351
16,j5io2j4io351e
9,aaaaaaaaaeeee
10,aaaaaaaaa
11,j5io2j4io351a
12,j5io2j4io351h
13,j5io2j4io351sf
14,j5io2j4io351j
15,j5io2j4io351
16,j5io2j4io351e
9,aaaaaaaaaeeee
10,aaaaaaaaa
11,j5io2j4io351a
12,j5io2j4io351h
13,j5io2j4io351sf
14,j5io2j4io351j
15,j5io2j4io351
16,j5io2j4io351e
9,aaaaaaaaaeeee
10,aaaaaaaaa
11,j5io2j4io351a
12,j5io2j4io351h
13,j5io2j4io351sf
14,j5io2j4io351j
15,j5io2j4io351
16,j5io2j4io351e
9,aaaaaaaaaeeee
10,aaaaaaaaa
11,j5io2j4io351a
12,j5io2j4io351h
13,j5io2j4io351sf
14,j5io2j4io351j
15,j5io2j4io351
16,j5io2j4io351e
9,aaaaaaaaaeeee
10,aaaaaaaaa
11,j5io2j4io351a
12,j5io2j4io351h
13,j5io2j4io351sf
14,j5io2j4io351j
15,j5io2j4io351
16,j5io2j4io351e
9,aaaaaaaaaeeee
10,aaaaaaaaa
11,j5io2j4io351a
12,j5io2j4io351h
13,j5io2j4io351sf
14,j5io2j4io351j
15,j5io2j4io351
16,j5io2j4io351e
9,aaaaaaaaaeeee
10,aaaaaaaaa
11,j5io2j4io351a
12,j5io2j4io351h
13,j5io2j4io351sf
14,j5io2j4io351j
15,j5io2j4io351
16,j5io2j4io351e
9,aaaaaaaaaeeee
10,aaaaaaaaa
11,j5io2j4io351a
12,j5io2j4io351h
13,j5io2j4io351sf
14,j5io2j4io351j
15,j5io2j4io351
16,j5io2j4io351e
9,aaaaaaaaaeeee
10,aaaaaaaaa
11,j5io2j4io351a
12,j5io2j4io351h
13,j5io2j4io351sf
14,j5io2j4io351j
15,j5io2j4io351
16,j5io2j4io351e
9,aaaaaaaaaeeee
10,aaaaaaaaa
11,j5io2j4io351a
12,j5io2j4io351h
13,j5io2j4io351sf
14,j5io2j4io351j
15,j5io2j4io351
16,j5io2j4io351e
9,aaaaaaaaaeeee
10,aaaaaaaaa
11,j5io2j4io351a
12,j5io2j4io351h
13,j5io2j4io351sf
14,j5io2j4io351j
15,j5io2j4io351
16,j5io2j4io351e
8,aaaaaaaaadddd
9,aaaaaaaaaeeee
10,aaaaaaaaa
11,j5io2j4io351a
12,j5io2j4io351h
13,j5io2j4io351sf
14,j5io2j4io351j
15,j5io2j4io351
16,j5io2j4io351e
9,aaaaaaaaaeeee
10,aaaaaaaaa
11,j5io2j4io351a
12,j5io2j4io351h
13,j5io2j4io351sf
14,j5io2j4io351j
15,j5io2j4io351
16,j5io2j4io351e
9,aaaaaaaaaeeee
10,aaaaaaaaa
11,j5io2j4io351a
12,j5io2j4io351h
13,j5io2j4io351sf
14,j5io2j4io351j
15,j5io2j4io351
16,j5io2j4io351e
9,aaaaaaaaaeeee
10,aaaaaaaaa
11,j5io2j4io351a
12,j5io2j4io351h
13,j5io2j4io351sf
14,j5io2j4io351j
15,j5io2j4io351
16,j5io2j4io351e
9,aaaaaaaaaeeee
10,aaaaaaaaa
11,j5io2j4io351a
12,j5io2j4io351h
13,j5io2j4io351sf
14,j5io2j4io351j
15,j5io2j4io351
16,j5io2j4io351e
9,aaaaaaaaaeeee
10,aaaaaaaaa
11,j5io2j4io351a
12,j5io2j4io351h
13,j5io2j4io351sf
14,j5io2j4io351j
15,j5io2j4io351
16,j5io2j4io351e
9,aaaaaaaaaeeee
10,aaaaaaaaa
11,j5io2j4io351a
12,j5io2j4io351h
13,j5io2j4io351sf
14,j5io2j4io351j
15,j5io2j4io351
16,j5io2j4io351e
9,aaaaaaaaaeeee
10,aaaaaaaaa
11,j5io2j4io351a
12,j5io2j4io351h
13,j5io2j4io351sf
14,j5io2j4io351j
15,j5io2j4io351
16,j5io2j4io351e
9,aaaaaaaaaeeee
10,aaaaaaaaa
11,j5io2j4io351a
12,j5io2j4io351h
13,j5io2j4io351sf
14,j5io2j4io351j
15,j5io2j4io351
16,j5io2j4io351e
9,aaaaaaaaaeeee
10,aaaaaaaaa
11,j5io2j4io351a
12,j5io2j4io351h
13,j5io2j4io351sf
14,j5io2j4io351j
15,j5io2j4io351
16,j5io2j4io351e
9,aaaaaaaaaeeee
10,aaaaaaaaa
11,j5io2j4io351a
12,j5io2j4io351h
13,j5io2j4io351sf
14,j5io2j4io351j
15,j5io2j4io351
16,j5io2j4io351e
9,aaaaaaaaaeeee
10,aaaaaaaaa
11,j5io2j4io351a
12,j5io2j4io351h
13,j5io2j4io351sf
14,j5io2j4io351j
15,j5io2j4io351
16,j5io2j4io351e
8,aaaaaaaaadddd
9,aaaaaaaaaeeee
10,aaaaaaaaa
11,j5io2j4io351a
12,j5io2j4io351h
13,j5io2j4io351sf
14,j5io2j4io351j
15,j5io2j4io351
16,j5io2j4io351e
9,aaaaaaaaaeeee
10,aaaaaaaaa
11,j5io2j4io351a
12,j5io2j4io351h
13,j5io2j4io351sf
14,j5io2j4io351j
15,j5io2j4io351
16,j5io2j4io351e
9,aaaaaaaaaeeee
10,aaaaaaaaa
11,j5io2j4io351a
12,j5io2j4io351h
13,j5io2j4io351sf
14,j5io2j4io351j
15,j5io2j4io351
16,j5io2j4io351e
9,aaaaaaaaaeeee
10,aaaaaaaaa
11,j5io2j4io351a
12,j5io2j4io351h
13,j5io2j4io351sf
14,j5io2j4io351j
15,j5io2j4io351
16,j5io2j4io351e
9,aaaaaaaaaeeee
10,aaaaaaaaa
11,j5io2j4io351a
12,j5io2j4io351h
13,j5io2j4io351sf
14,j5io2j4io351j
15,j5io2j4io351
16,j5io2j4io351e
9,aaaaaaaaaeeee
10,aaaaaaaaa
11,j5io2j4io351a
12,j5io2j4io351h
13,j5io2j4io351sf
14,j5io2j4io351j
15,j5io2j4io351
16,j5io2j4io351e
9,aaaaaaaaaeeee
10,aaaaaaaaa
11,j5io2j4io351a
12,j5io2j4io351h
13,j5io2j4io351sf
14,j5io2j4io351j
15,j5io2j4io351
16,j5io2j4io351e
9,aaaaaaaaaeeee
10,aaaaaaaaa
11,j5io2j4io351a
12,j5io2j4io351h
13,j5io2j4io351sf
14,j5io2j4io351j
15,j5io2j4io351
16,j5io2j4io351e
9,aaaaaaaaaeeee
10,aaaaaaaaa
11,j5io2j4io351a
12,j5io2j4io351h
13,j5io2j4io351sf
14,j5io2j4io351j
15,j5io2j4io351
16,j5io2j4io351e
9,aaaaaaaaaeeee
10,aaaaaaaaa
11,j5io2j4io351a
12,j5io2j4io351h
13,j5io2j4io351sf
14,j5io2j4io351j
15,j5io2j4io351
16,j5io2j4io351e
9,aaaaaaaaaeeee
10,aaaaaaaaa
11,j5io2j4io351a
12,j5io2j4io351h
13,j5io2j4io351sf
14,j5io2j4io351j
15,j5io2j4io351
16,j5io2j4io351e
9,aaaaaaaaaeeee
10,aaaaaaaaa
11,j5io2j4io351a
12,j5io2j4io351h
13,j5io2j4io351sf
14,j5io2j4io351j
15,j5io2j4io351
16,j5io2j4io351e
8,aaaaaaaaadddd
9,aaaaaaaaaeeee
10,aaaaaaaaa
11,j5io2j4io351a
12,j5io2j4io351h
13,j5io2j4io351sf
14,j5io2j4io351j
15,j5io2j4io351
16,j5io2j4io351e
9,aaaaaaaaaeeee
10,aaaaaaaaa
11,j5io2j4io351a
12,j5io2j4io351h
13,j5io2j4io351sf
14,j5io2j4io351j
15,j5io2j4io351
16,j5io2j4io351e
9,aaaaaaaaaeeee
10,aaaaaaaaa
11,j5io2j4io351a
12,j5io2j4io351h
13,j5io2j4io351sf
14,j5io2j4io351j
15,j5io2j4io351
16,j5io2j4io351e
9,aaaaaaaaaeeee
10,aaaaaaaaa
11,j5io2j4io351a
12,j5io2j4io351h
13,j5io2j4io351sf
14,j5io2j4io351j
15,j5io2j4io351
16,j5io2j4io351e
9,aaaaaaaaaeeee
10,aaaaaaaaa
11,j5io2j4io351a
12,j5io2j4io351h
13,j5io2j4io351sf
14,j5io2j4io351j
15,j5io2j4io351
16,j5io2j4io351e
9,aaaaaaaaaeeee
10,aaaaaaaaa
11,j5io2j4io351a
12,j5io2j4io351h
13,j5io2j4io351sf
14,j5io2j4io351j
15,j5io2j4io351
16,j5io2j4io351e
9,aaaaaaaaaeeee
10,aaaaaaaaa
11,j5io2j4io351a
12,j5io2j4io351h
13,j5io2j4io351sf
14,j5io2j4io351j
15,j5io2j4io351
16,j5io2j4io351e
9,aaaaaaaaaeeee
10,aaaaaaaaa
11,j5io2j4io351a
12,j5io2j4io351h
13,j5io2j4io351sf
14,j5io2j4io351j
15,j5io2j4io351
16,j5io2j4io351e
9,aaaaaaaaaeeee
10,aaaaaaaaa
11,j5io2j4io351a
12,j5io2j4io351h
13,j5io2j4io351sf
14,j5io2j4io351j
15,j5io2j4io351
16,j5io2j4io351e
9,aaaaaaaaaeeee
10,aaaaaaaaa
11,j5io2j4io351a
12,j5io2j4io351h
13,j5io2j4io351sf
14,j5io2j4io351j
15,j5io2j4io351
16,j5io2j4io351e
9,aaaaaaaaaeeee
10,aaaaaaaaa
11,j5io2j4io351a
12,j5io2j4io351h
13,j5io2j4io351sf
14,j5io2j4io351j
15,j5io2j4io351
16,j5io2j4io351e
9,aaaaaaaaaeeee
10,aaaaaaaaa
11,j5io2j4io351a
12,j5io2j4io351h
13,j5io2j4io351sf
14,j5io2j4io351j
15,j5io2j4io351
16,j5io2j4io351e
8,aaaaaaaaadddd
9,aaaaaaaaaeeee
10,aaaaaaaaa
11,j5io2j4io351a
12,j5io2j4io351h
13,j5io2j4io351sf
14,j5io2j4io351j
15,j5io2j4io351
16,j5io2j4io351e
9,aaaaaaaaaeeee
10,aaaaaaaaa
11,j5io2j4io351a
12,j5io2j4io351h
13,j5io2j4io351sf
14,j5io2j4io351j
15,j5io2j4io351
16,j5io2j4io351e
9,aaaaaaaaaeeee
10,aaaaaaaaa
11,j5io2j4io351a
12,j5io2j4io351h
13,j5io2j4io351sf
14,j5io2j4io351j
15,j5io2j4io351
16,j5io2j4io351e
9,aaaaaaaaaeeee
10,aaaaaaaaa
11,j5io2j4io351a
12,j5io2j4io351h
13,j5io2j4io351sf
14,j5io2j4io351j
15,j5io2j4io351
16,j5io2j4io351e
9,aaaaaaaaaeeee
10,aaaaaaaaa
11,j5io2j4io351a
12,j5io2j4io351h
13,j5io2j4io351sf
14,j5io2j4io351j
15,j5io2j4io351
16,j5io2j4io351e
9,aaaaaaaaaeeee
10,aaaaaaaaa
11,j5io2j4io351a
12,j5io2j4io351h
13,j5io2j4io351sf
14,j5io2j4io351j
15,j5io2j4io351
16,j5io2j4io351e
9,aaaaaaaaaeeee
10,aaaaaaaaa
11,j5io2j4io351a
12,j5io2j4io351h
13,j5io2j4io351sf
14,j5io2j4io351j
15,j5io2j4io351
16,j5io2j4io351e
9,aaaaaaaaaeeee
10,aaaaaaaaa
11,j5io2j4io351a
12,j5io2j4io351h
13,j5io2j4io351sf
14,j5io2j4io351j
15,j5io2j4io351
16,j5io2j4io351e
9,aaaaaaaaaeeee
10,aaaaaaaaa
11,j5io2j4io351a
12,j5io2j4io351h
13,j5io2j4io351sf
14,j5io2j4io351j
15,j5io2j4io351
16,j5io2j4io351e
9,aaaaaaaaaeeee
10,aaaaaaaaa
11,j5io2j4io351a
12,j5io2j4io351h
13,j5io2j4io351sf
14,j5io2j4io351j
15,j5io2j4io351
16,j5io2j4io351e
9,aaaaaaaaaeeee
10,aaaaaaaaa
11,j5io2j4io351a
12,j5io2j4io351h
13,j5io2j4io351sf
14,j5io2j4io351j
15,j5io2j4io351
16,j5io2j4io351e
9,aaaaaaaaaeeee
10,aaaaaaaaa
11,j5io2j4io351a
12,j5io2j4io351h
13,j5io2j4io351sf
14,j5io2j4io351j
15,j5io2j4io351
16,j5io2j4io351e
8,aaaaaaaaadddd
9,aaaaaaaaaeeee
10,aaaaaaaaa
11,j5io2j4io351a
12,j5io2j4io351h
13,j5io2j4io351sf
14,j5io2j4io351j
15,j5io2j4io351
16,j5io2j4io351e
9,aaaaaaaaaeeee
10,aaaaaaaaa
11,j5io2j4io351a
12,j5io2j4io351h
13,j5io2j4io351sf
14,j5io2j4io351j
15,j5io2j4io351
16,j5io2j4io351e
9,aaaaaaaaaeeee
10,aaaaaaaaa
11,j5io2j4io351a
12,j5io2j4io351h
13,j5io2j4io351sf
14,j5io2j4io351j
15,j5io2j4io351
16,j5io2j4io351e
9,aaaaaaaaaeeee
10,aaaaaaaaa
11,j5io2j4io351a
12,j5io2j4io351h
13,j5io2j4io351sf
14,j5io2j4io351j
15,j5io2j4io351
16,j5io2j4io351e
9,aaaaaaaaaeeee
10,aaaaaaaaa
11,j5io2j4io351a
12,j5io2j4io351h
13,j5io2j4io351sf
14,j5io2j4io351j
15,j5io2j4io351
16,j5io2j4io351e
9,aaaaaaaaaeeee
10,aaaaaaaaa
11,j5io2j4io351a
12,j5io2j4io351h
13,j5io2j4io351sf
14,j5io2j4io351j
15,j5io2j4io351
16,j5io2j4io351e
9,aaaaaaaaaeeee
10,aaaaaaaaa
11,j5io2j4io351a
12,j5io2j4io351h
13,j5io2j4io351sf
14,j5io2j4io351j
15,j5io2j4io351
16,j5io2j4io351e
9,aaaaaaaaaeeee
10,aaaaaaaaa
11,j5io2j4io351a
12,j5io2j4io351h
13,j5io2j4io351sf
14,j5io2j4io351j
15,j5io2j4io351
16,j5io2j4io351e
9,aaaaaaaaaeeee
10,aaaaaaaaa
11,j5io2j4io351a
12,j5io2j4io351h
13,j5io2j4io351sf
14,j5io2j4io351j
15,j5io2j4io351
16,j5io2j4io351e
9,aaaaaaaaaeeee
10,aaaaaaaaa
11,j5io2j4io351a
12,j5io2j4io351h
13,j5io2j4io351sf
14,j5io2j4io351j
15,j5io2j4io351
16,j5io2j4io351e
9,aaaaaaaaaeeee
10,aaaaaaaaa
11,j5io2j4io351a
12,j5io2j4io351h
13,j5io2j4io351sf
14,j5io2j4io351j
15,j5io2j4io351
16,j5io2j4io351e
9,aaaaaaaaaeeee
10,aaaaaaaaa
11,j5io2j4io351a
12,j5io2j4io351h
13,j5io2j4io351sf
14,j5io2j4io351j
15,j5io2j4io351
16,j5io2j4io351e
8,aaaaaaaaadddd
9,aaaaaaaaaeeee
10,aaaaaaaaa
11,j5io2j4io351a
12,j5io2j4io351h
13,j5io2j4io351sf
14,j5io2j4io351j
15,j5io2j4io351
16,j5io2j4io351e
9,aaaaaaaaaeeee
10,aaaaaaaaa
11,j5io2j4io351a
12,j5io2j4io351h
13,j5io2j4io351sf
14,j5io2j4io351j
15,j5io2j4io351
16,j5io2j4io351e
9,aaaaaaaaaeeee
10,aaaaaaaaa
11,j5io2j4io351a
12,j5io2j4io351h
13,j5io2j4io351sf
14,j5io2j4io351j
15,j5io2j4io351
16,j5io2j4io351e
9,aaaaaaaaaeeee
10,aaaaaaaaa
11,j5io2j4io351a
12,j5io2j4io351h
13,j5io2j4io351sf
14,j5io2j4io351j
15,j5io2j4io351
16,j5io2j4io351e
9,aaaaaaaaaeeee
10,aaaaaaaaa
11,j5io2j4io351a
12,j5io2j4io351h
13,j5io2j4io351sf
14,j5io2j4io351j
15,j5io2j4io351
16,j5io2j4io351e
9,aaaaaaaaaeeee
10,aaaaaaaaa
11,j5io2j4io351a
12,j5io2j4io351h
13,j5io2j4io351sf
14,j5io2j4io351j
15,j5io2j4io351
16,j5io2j4io351e
9,aaaaaaaaaeeee
10,aaaaaaaaa
11,j5io2j4io351a
12,j5io2j4io351h
13,j5io2j4io351sf
14,j5io2j4io351j
15,j5io2j4io351
16,j5io2j4io351e
9,aaaaaaaaaeeee
10,aaaaaaaaa
11,j5io2j4io351a
12,j5io2j4io351h
13,j5io2j4io351sf
14,j5io2j4io351j
15,j5io2j4io351
16,j5io2j4io351e
9,aaaaaaaaaeeee
10,aaaaaaaaa
11,j5io2j4io351a
12,j5io2j4io351h
13,j5io2j4io351sf
14,j5io2j4io351j
15,j5io2j4io351
16,j5io2j4io351e
9,aaaaaaaaaeeee
10,aaaaaaaaa
11,j5io2j4io351a
12,j5io2j4io351h
13,j5io2j4io351sf
14,j5io2j4io351j
15,j5io2j4io351
16,j5io2j4io351e
9,aaaaaaaaaeeee
10,aaaaaaaaa
11,j5io2j4io351a
12,j5io2j4io351h
13,j5io2j4io351sf
14,j5io2j4io351j
15,j5io2j4io351
16,j5io2j4io351e
9,aaaaaaaaaeeee
10,aaaaaaaaa
11,j5io2j4io351a
12,j5io2j4io351h
13,j5io2j4io351sf
14,j5io2j4io351j
15,j5io2j4io351
16,j5io2j4io351e
8,aaaaaaaaadddd
9,aaaaaaaaaeeee
10,aaaaaaaaa
11,j5io2j4io351a
12,j5io2j4io351h
13,j5io2j4io351sf
14,j5io2j4io351j
15,j5io2j4io351
16,j5io2j4io351e
9,aaaaaaaaaeeee
10,aaaaaaaaa
11,j5io2j4io351a
12,j5io2j4io351h
13,j5io2j4io351sf
14,j5io2j4io351j
15,j5io2j4io351
16,j5io2j4io351e
9,aaaaaaaaaeeee
10,aaaaaaaaa
11,j5io2j4io351a
12,j5io2j4io351h
13,j5io2j4io351sf
14,j5io2j4io351j
15,j5io2j4io351
16,j5io2j4io351e
9,aaaaaaaaaeeee
10,aaaaaaaaa
11,j5io2j4io351a
12,j5io2j4io351h
13,j5io2j4io351sf
14,j5io2j4io351j
15,j5io2j4io351
16,j5io2j4io351e
9,aaaaaaaaaeeee
10,aaaaaaaaa
11,j5io2j4io351a
12,j5io2j4io351h
13,j5io2j4io351sf
14,j5io2j4io351j
15,j5io2j4io351
16,j5io2j4io351e
9,aaaaaaaaaeeee
10,aaaaaaaaa
11,j5io2j4io351a
12,j5io2j4io351h
13,j5io2j4io351sf
14,j5io2j4io351j
15,j5io2j4io351
16,j5io2j4io351e
9,aaaaaaaaaeeee
10,aaaaaaaaa
11,j5io2j4io351a
12,j5io2j4io351h
13,j5io2j4io351sf
14,j5io2j4io351j
15,j5io2j4io351
16,j5io2j4io351e
9,aaaaaaaaaeeee
10,aaaaaaaaa
11,j5io2j4io351a
12,j5io2j4io351h
13,j5io2j4io351sf
14,j5io2j4io351j
15,j5io2j4io351
16,j5io2j4io351e
9,aaaaaaaaaeeee
10,aaaaaaaaa
11,j5io2j4io351a
12,j5io2j4io351h
13,j5io2j4io351sf
14,j5io2j4io351j
15,j5io2j4io351
16,j5io2j4io351e
9,aaaaaaaaaeeee
10,aaaaaaaaa
11,j5io2j4io351a
12,j5io2j4io351h
13,j5io2j4io351sf
14,j5io2j4io351j
15,j5io2j4io351
16,j5io2j4io351e
9,aaaaaaaaaeeee
10,aaaaaaaaa
11,j5io2j4io351a
12,j5io2j4io351h
13,j5io2j4io351sf
14,j5io2j4io351j
15,j5io2j4io351
16,j5io2j4io351e
9,aaaaaaaaaeeee
10,aaaaaaaaa
11,j5io2j4io351a
12,j5io2j4io351h
13,j5io2j4io351sf
14,j5io2j4io351j
15,j5io2j4io351
16,j5io2j4io351e
8,aaaaaaaaadddd
9,aaaaaaaaaeeee
10,aaaaaaaaa
11,j5io2j4io351a
12,j5io2j4io351h
13,j5io2j4io351sf
14,j5io2j4io351j
15,j5io2j4io351
16,j5io2j4io351e
9,aaaaaaaaaeeee
10,aaaaaaaaa
11,j5io2j4io351a
12,j5io2j4io351h
13,j5io2j4io351sf
14,j5io2j4io351j
15,j5io2j4io351
16,j5io2j4io351e
9,aaaaaaaaaeeee
10,aaaaaaaaa
11,j5io2j4io351a
12,j5io2j4io351h
13,j5io2j4io351sf
14,j5io2j4io351j
15,j5io2j4io351
16,j5io2j4io351e
9,aaaaaaaaaeeee
10,aaaaaaaaa
11,j5io2j4io351a
12,j5io2j4io351h
13,j5io2j4io351sf
14,j5io2j4io351j
15,j5io2j4io351
16,j5io2j4io351e
9,aaaaaaaaaeeee
10,aaaaaaaaa
11,j5io2j4io351a
12,j5io2j4io351h
13,j5io2j4io351sf
14,j5io2j4io351j
15,j5io2j4io351
16,j5io2j4io351e
9,aaaaaaaaaeeee
10,aaaaaaaaa
11,j5io2j4io351a
12,j5io2j4io351h
13,j5io2j4io351sf
14,j5io2j4io351j
15,j5io2j4io351
16,j5io2j4io351e
9,aaaaaaaaaeeee
10,aaaaaaaaa
11,j5io2j4io351a
12,j5io2j4io351h
13,j5io2j4io351sf
14,j5io2j4io351j
15,j5io2j4io351
16,j5io2j4io351e
9,aaaaaaaaaeeee
10,aaaaaaaaa
11,j5io2j4io351a
12,j5io2j4io351h
13,j5io2j4io351sf
14,j5io2j4io351j
15,j5io2j4io351
16,j5io2j4io351e
9,aaaaaaaaaeeee
10,aaaaaaaaa
11,j5io2j4io351a
12,j5io2j4io351h
13,j5io2j4io351sf
14,j5io2j4io351j
15,j5io2j4io351
16,j5io2j4io351e
9,aaaaaaaaaeeee
10,aaaaaaaaa
11,j5io2j4io351a
12,j5io2j4io351h
13,j5io2j4io351sf
14,j5io2j4io351j
15,j5io2j4io351
16,j5io2j4io351e
9,aaaaaaaaaeeee
10,aaaaaaaaa
11,j5io2j4io351a
12,j5io2j4io351h
13,j5io2j4io351sf
14,j5io2j4io351j
15,j5io2j4io351
16,j5io2j4io351e
9,aaaaaaaaaeeee
10,aaaaaaaaa
11,j5io2j4io351a
12,j5io2j4io351h
13,j5io2j4io351sf
14,j5io2j4io351j
15,j5io2j4io351
16,j5io2j4io351e
8,aaaaaaaaadddd
9,aaaaaaaaaeeee
10,aaaaaaaaa
11,j5io2j4io351a
12,j5io2j4io351h
13,j5io2j4io351sf
14,j5io2j4io351j
15,j5io2j4io351
16,j5io2j4io351e
9,aaaaaaaaaeeee
10,aaaaaaaaa
11,j5io2j4io351a
12,j5io2j4io351h
13,j5io2j4io351sf
14,j5io2j4io351j
15,j5io2j4io351
16,j5io2j4io351e
9,aaaaaaaaaeeee
10,aaaaaaaaa
11,j5io2j4io351a
12,j5io2j4io351h
13,j5io2j4io351sf
14,j5io2j4io351j
15,j5io2j4io351
16,j5io2j4io351e
9,aaaaaaaaaeeee
10,aaaaaaaaa
11,j5io2j4io351a
12,j5io2j4io351h
13,j5io2j4io351sf
14,j5io2j4io351j
15,j5io2j4io351
16,j5io2j4io351e
9,aaaaaaaaaeeee
10,aaaaaaaaa
11,j5io2j4io351a
12,j5io2j4io351h
13,j5io2j4io351sf
14,j5io2j4io351j
15,j5io2j4io351
16,j5io2j4io351e
9,aaaaaaaaaeeee
10,aaaaaaaaa
11,j5io2j4io351a
12,j5io2j4io351h
13,j5io2j4io351sf
14,j5io2j4io351j
15,j5io2j4io351
16,j5io2j4io351e
9,aaaaaaaaaeeee
10,aaaaaaaaa
11,j5io2j4io351a
12,j5io2j4io351h
13,j5io2j4io351sf
14,j5io2j4io351j
15,j5io2j4io351
16,j5io2j4io351e
9,aaaaaaaaaeeee
10,aaaaaaaaa
11,j5io2j4io351a
12,j5io2j4io351h
13,j5io2j4io351sf
14,j5io2j4io351j
15,j5io2j4io351
16,j5io2j4io351e
9,aaaaaaaaaeeee
10,aaaaaaaaa
11,j5io2j4io351a
12,j5io2j4io351h
13,j5io2j4io351sf
14,j5io2j4io351j
15,j5io2j4io351
16,j5io2j4io351e
9,aaaaaaaaaeeee
10,aaaaaaaaa
11,j5io2j4io351a
12,j5io2j4io351h
13,j5io2j4io351sf
14,j5io2j4io351j
15,j5io2j4io351
16,j5io2j4io351e
9,aaaaaaaaaeeee
10,aaaaaaaaa
11,j5io2j4io351a
12,j5io2j4io351h
13,j5io2j4io351sf
14,j5io2j4io351j
15,j5io2j4io351
16,j5io2j4io351e
9,aaaaaaaaaeeee
10,aaaaaaaaa
11,j5io2j4io351a
12,j5io2j4io351h
13,j5io2j4io351sf
14,j5io2j4io351j
15,j5io2j4io351
16,j5io2j4io351e
8,aaaaaaaaadddd
9,aaaaaaaaaeeee
10,aaaaaaaaa
11,j5io2j4io351a
12,j5io2j4io351h
13,j5io2j4io351sf
14,j5io2j4io351j
15,j5io2j4io351
16,j5io2j4io351e
9,aaaaaaaaaeeee
10,aaaaaaaaa
11,j5io2j4io351a
12,j5io2j4io351h
13,j5io2j4io351sf
14,j5io2j4io351j
15,j5io2j4io351
16,j5io2j4io351e
9,aaaaaaaaaeeee
10,aaaaaaaaa
11,j5io2j4io351a
12,j5io2j4io351h
13,j5io2j4io351sf
14,j5io2j4io351j
15,j5io2j4io351
16,j5io2j4io351e
9,aaaaaaaaaeeee
10,aaaaaaaaa
11,j5io2j4io351a
12,j5io2j4io351h
13,j5io2j4io351sf
14,j5io2j4io351j
15,j5io2j4io351
16,j5io2j4io351e
9,aaaaaaaaaeeee
10,aaaaaaaaa
11,j5io2j4io351a
12,j5io2j4io351h
13,j5io2j4io351sf
14,j5io2j4io351j
15,j5io2j4io351
16,j5io2j4io351e
9,aaaaaaaaaeeee
10,aaaaaaaaa
11,j5io2j4io351a
12,j5io2j4io351h
13,j5io2j4io351sf
14,j5io2j4io351j
15,j5io2j4io351
16,j5io2j4io351e
9,aaaaaaaaaeeee
10,aaaaaaaaa
11,j5io2j4io351a
12,j5io2j4io351h
13,j5io2j4io351sf
14,j5io2j4io351j
15,j5io2j4io351
16,j5io2j4io351e
9,aaaaaaaaaeeee
10,aaaaaaaaa
11,j5io2j4io351a
12,j5io2j4io351h
13,j5io2j4io351sf
14,j5io2j4io351j
15,j5io2j4io351
16,j5io2j4io351e
9,aaaaaaaaaeeee
10,aaaaaaaaa
11,j5io2j4io351a
12,j5io2j4io351h
13,j5io2j4io351sf
14,j5io2j4io351j
15,j5io2j4io351
16,j5io2j4io351e
9,aaaaaaaaaeeee
10,aaaaaaaaa
11,j5io2j4io351a
12,j5io2j4io351h
13,j5io2j4io351sf
14,j5io2j4io351j
15,j5io2j4io351
16,j5io2j4io351e
9,aaaaaaaaaeeee
10,aaaaaaaaa
11,j5io2j4io351a
12,j5io2j4io351h
13,j5io2j4io351sf
14,j5io2j4io351j
15,j5io2j4io351
16,j5io2j4io351e
9,aaaaaaaaaeeee
10,aaaaaaaaa
11,j5io2j4io351a
12,j5io2j4io351h
13,j5io2j4io351sf
14,j5io2j4io351j
15,j5io2j4io351
16,j5io2j4io351e